<?xml version='1.0' encoding='UTF-8'?>
<?artifactRepository version='1.1.0'?>
<repository name='download cache' type='org.eclipse.equinox.p2.artifact.repository.simpleRepository' version='1.0.0'>
  <properties size='2'>
    <property name='p2.system' value='true'/>
    <property name='p2.timestamp' value='1712328508052'/>
  </properties>
  <mappings size='3'>
    <rule filter='(&amp; (classifier=osgi.bundle))' output='${repoUrl}/plugins/${id}_${version}.jar'/>
    <rule filter='(&amp; (classifier=binary))' output='${repoUrl}/binary/${id}_${version}'/>
    <rule filter='(&amp; (classifier=org.eclipse.update.feature))' output='${repoUrl}/features/${id}_${version}.jar'/>
  </mappings>
  <artifacts size='3'>
    <artifact classifier='binary' id='org.eclipse.platform_root' version='4.31.0.v20240229-1022'>
      <properties size='1'>
        <property name='download.size' value='196'/>
      </properties>
    </artifact>
    <artifact classifier='binary' id='org.eclipse.rcp_root' version='4.31.0.v20240229-0520'>
      <properties size='1'>
        <property name='download.size' value='20740'/>
      </properties>
    </artifact>
    <artifact classifier='binary' id='epp.package.jee.executable.win32.win32.x86_64' version='4.31.0.20240307-1200'>
      <properties size='1'>
        <property name='download.size' value='276885'/>
      </properties>
    </artifact>
  </artifacts>
</repository>
